﻿<?xml version="1.0" encoding="utf-8"?>
<Project>
  <TemplateObjectList>
    <TemplateObject id="0" objectName="self" isTemp="false" />
    <TemplateObject id="1" objectName="target" isTemp="false" />
  </TemplateObjectList>
  <RefParamList>
    <Vector3i name="_TargetDir" x="0" y="0" z="0" refParamName="" useRefParam="false" />
    <Vector3i name="_TargetPos" x="0" y="0" z="0" refParamName="" useRefParam="false" />
  </RefParamList>
  <Action tag="" length="9.000" loop="false">
    <Track trackName="SetObjectDirectionTick0" eventType="SetObjectDirectionTick" guid="2b767094-bee5-4ffd-807c-e2759b06b84e" enabled="true" useRefParam="false" refParamName="" r="0.000" g="0.000" b="0.000" execOnForceStopped="false" execOnActionCompleted="false" stopAfterLastEvent="true">
      <Event eventName="SetObjectDirectionTick" time="0.000" isDuration="false" guid="66ac9ac5-fdd0-45ab-aa4d-a6e3f8fd3861">
        <TemplateObject name="targetId" id="0" objectName="self" isTemp="false" refParamName="" useRefParam="false" />
        <int name="rotationY" value="80" refParamName="" useRefParam="false" />
      </Event>
    </Track>
  </Action>
</Project>