﻿<?xml version="1.0" encoding="utf-8"?>
<Project>
  <TemplateObjectList>
    <TemplateObject id="0" objectName="_selfplayer" isTemp="false" />
    <TemplateObject id="1" objectName="target" isTemp="false" />
  </TemplateObjectList>
  <RefParamList>
    <Vector3i name="_BulletDir" x="0" y="0" z="0" refParamName="" useRefParam="false" />
  </RefParamList>
  <Action tag="" length="0.500" loop="false">
    <Track trackName="SetBehaviourModeTick0" eventType="SetBehaviourModeTick" guid="6ef6e453-5a58-47c1-b961-385dd1e1871b" enabled="true" useRefParam="false" refParamName="" r="0.000" g="0.000" b="0.000" execOnForceStopped="false" execOnActionCompleted="false" stopAfterLastEvent="true">
      <Event eventName="SetBehaviourModeTick" time="0.000" isDuration="false" guid="de675bc5-14de-4fbe-9ebd-7adc86034a5e">
        <TemplateObject name="targetId" id="1" objectName="target" isTemp="false" refParamName="" useRefParam="false" />
        <bool name="delayStopCurSkill" value="true" refParamName="" useRefParam="false" />
      </Event>
    </Track>
    <Track trackName="SkillFuncInstant0" eventType="SkillFuncInstant" guid="7879a165-e938-4a9e-b9f6-49a902c8c696" enabled="true" useRefParam="false" refParamName="" r="0.000" g="0.000" b="0.000" execOnForceStopped="false" execOnActionCompleted="false" stopAfterLastEvent="true">
      <Event eventName="SkillFuncInstant" time="0.000" isDuration="false" guid="d992524e-fb32-4920-985a-deef56a37ff0" />
    </Track>
    <Track trackName="PlayAnimDuration6" eventType="PlayAnimDuration" guid="00d303b8-c78d-4f6c-ae53-7f3a21e254e9" enabled="true" useRefParam="false" refParamName="" r="0.000" g="0.000" b="0.000" execOnForceStopped="false" execOnActionCompleted="false" stopAfterLastEvent="true">
      <Event eventName="PlayAnimDuration" time="0.000" length="0.500" isDuration="true" guid="ecc93ad3-60c8-4cfe-b308-99eb2101510b">
        <TemplateObject name="targetId" id="1" objectName="target" isTemp="false" refParamName="" useRefParam="false" />
        <String name="clipName" value="Stun" refParamName="" useRefParam="false" />
        <bool name="bDontReplaceSameAnim" value="true" refParamName="" useRefParam="false" />
        <int name="layer" value="5" refParamName="" useRefParam="false" />
        <float name="crossFadeTime" value="0.100" refParamName="" useRefParam="false" />
        <bool name="bUseFadeOutTime" value="true" refParamName="" useRefParam="false" />
        <float name="fadeOutTime" value="0.200" refParamName="" useRefParam="false" />
      </Event>
    </Track>
    <Track trackName="BeatBackDuration0" eventType="BeatBackDuration" guid="a2e7ab3d-2632-465d-838e-f2c1871c6f3e" enabled="false" useRefParam="false" refParamName="" r="0.000" g="0.000" b="0.000" execOnForceStopped="false" execOnActionCompleted="false" stopAfterLastEvent="true">
      <Event eventName="BeatBackDuration" time="0.000" length="0.300" isDuration="true" guid="45d26b9c-9ce1-4f63-b2b7-30230a4af6e3">
        <TemplateObject name="attackerId" id="0" objectName="_selfplayer" isTemp="false" refParamName="" useRefParam="false" />
        <TemplateObject name="targetId" id="1" objectName="target" isTemp="false" refParamName="" useRefParam="false" />
        <int name="initSpeed" value="10000" refParamName="" useRefParam="false" />
        <bool name="enableRotate" value="false" refParamName="" useRefParam="false" />
        <int name="accelerateSpeed" value="-50" refParamName="" useRefParam="false" />
        <Enum name="dirType" value="1" refParamName="" useRefParam="false" />
      </Event>
    </Track>
    <Track trackName="PickFlyDuration8" eventType="PickFlyDuration" guid="751364e5-ca2d-4664-9c37-7e04d2701404" enabled="true" useRefParam="false" refParamName="" r="0.000" g="0.000" b="0.000" execOnForceStopped="false" execOnActionCompleted="false" stopAfterLastEvent="true">
      <Event eventName="PickFlyDuration" time="0.000" length="0.500" isDuration="true" guid="65fa56c2-98ae-4d4f-9da8-566e674934a6">
        <TemplateObject name="targetId" id="1" objectName="target" isTemp="false" refParamName="" useRefParam="false" />
        <int name="gravity" value="-50" refParamName="" useRefParam="false" />
      </Event>
    </Track>
    <Track trackName="ForbidAbilityDuration0" eventType="ForbidAbilityDuration" guid="ea0df3ff-1402-4152-a9ce-fee947e6955d" enabled="true" useRefParam="false" refParamName="" r="0.000" g="0.000" b="0.000" execOnForceStopped="false" execOnActionCompleted="false" stopAfterLastEvent="true">
      <Event eventName="ForbidAbilityDuration" time="0.000" length="0.500" isDuration="true" guid="5d5ac43d-1147-4728-8fc8-fef754af45ec">
        <TemplateObject name="attackerId" id="1" objectName="target" isTemp="false" refParamName="" useRefParam="false" />
        <bool name="forbidMove" value="true" refParamName="" useRefParam="false" />
        <bool name="forbidSkill" value="true" refParamName="" useRefParam="false" />
        <bool name="forbidMoveRotate" value="true" refParamName="" useRefParam="false" />
      </Event>
    </Track>
    <Track trackName="PlayHeroSoundTick4" eventType="PlayHeroSoundTick" guid="0b319c7d-5089-44c8-8300-40d61d2bc359" enabled="true" useRefParam="false" refParamName="" r="0.000" g="0.000" b="0.000" execOnForceStopped="false" execOnActionCompleted="false" stopAfterLastEvent="true">
      <Event eventName="PlayHeroSoundTick" time="0.000" isDuration="false" guid="e1f6ee88-c86a-4c21-8e0c-50c09bf1c8cc">
        <TemplateObject name="targetId" id="1" objectName="target" isTemp="false" refParamName="" useRefParam="false" />
        <TemplateObject name="sourceId" id="0" objectName="_selfplayer" isTemp="false" refParamName="" useRefParam="false" />
        <String name="eventName" value="Play_HanXin_Attack2_Hit" refParamName="" useRefParam="false" />
        <Array name="extraSkinId" refParamName="" useRefParam="false" type="uint">
          <uint value="35" />
          <uint value="36" />
          <uint value="37" />
        </Array>
      </Event>
    </Track>
    <Track trackName="TriggerParticle0" eventType="TriggerParticle" guid="a5239add-3688-412f-8e4f-88fd2dca8d92" enabled="true" useRefParam="false" refParamName="" r="0.000" g="0.000" b="0.000" execOnForceStopped="false" execOnActionCompleted="false" stopAfterLastEvent="true">
      <Event eventName="TriggerParticle" time="0.000" length="0.500" isDuration="true" guid="c9aaeca5-a75a-40ed-88fd-8a5a09592d01">
        <TemplateObject name="targetId" id="1" objectName="target" isTemp="false" refParamName="" useRefParam="false" />
        <String name="resourceName" value="prefab_skill_effects/tongyong_effects/ui_fx/xuanyun_tongyong_01" refParamName="" useRefParam="false" />
        <Vector3 name="bindPosOffset" x="0.000" y="-0.800" z="0.000" refParamName="" useRefParam="false" />
        <Vector3i name="scalingInt" x="10000" y="10000" z="10000" refParamName="" useRefParam="false" />
        <bool name="bindOnHUD" value="true" refParamName="" useRefParam="false" />
        <String name="syncAnimationName" value="" refParamName="" useRefParam="false" />
        <String name="customTagName" value="" refParamName="" useRefParam="false" />
      </Event>
    </Track>
  </Action>
</Project>