﻿<?xml version="1.0" encoding="utf-8"?>
<Project>
  <TemplateObjectList>
    <TemplateObject id="0" objectName="self" isTemp="false" />
    <TemplateObject id="1" objectName="target" isTemp="false" />
  </TemplateObjectList>
  <RefParamList>
    <Vector3i name="_TargetDir" x="0" y="0" z="0" refParamName="" useRefParam="false" />
    <Vector3i name="_TargetPos" x="0" y="0" z="0" refParamName="" useRefParam="false" />
  </RefParamList>
  <Action tag="" length="3.000" loop="false">
    <Track trackName="SkillFuncDuration0" eventType="SkillFuncDuration" guid="2e1efc8c-d6ca-427a-ba86-f9604cc64a30" enabled="true" useRefParam="false" refParamName="" r="0.000" g="0.000" b="0.000" execOnForceStopped="false" execOnActionCompleted="false" stopAfterLastEvent="true">
      <Event eventName="SkillFuncDuration" time="0.000" length="3.000" isDuration="true" guid="1c6a8eb7-3c67-4d5f-af5c-26c26ba95598">
        <Enum name="SkillFuncType" value="4" refParamName="" useRefParam="false" />
      </Event>
    </Track>
    <Track trackName="TriggerParticle0" eventType="TriggerParticle" guid="0d13b9b2-f76f-49d1-9344-e9fd859dafa9" enabled="true" useRefParam="false" refParamName="" r="0.000" g="0.000" b="0.000" execOnForceStopped="false" execOnActionCompleted="false" stopAfterLastEvent="true">
      <Event eventName="TriggerParticle" time="0.000" length="3.000" isDuration="true" guid="833294c8-8eea-48e0-832f-66d161f5083c">
        <TemplateObject name="targetId" id="0" objectName="self" isTemp="false" refParamName="" useRefParam="false" />
        <String name="resourceName" value="prefab_skill_effects/hero_skill_effects/150_hanxin/Hanxin_BUFF_R" refParamName="" useRefParam="false" />
        <String name="bindPointName" value="Bip001 Prop1" refParamName="" useRefParam="false" />
        <Vector3i name="scalingInt" x="10000" y="10000" z="10000" refParamName="" useRefParam="false" />
        <bool name="bAllowEmptyEffect" value="true" refParamName="" useRefParam="false" />
        <String name="syncAnimationName" value="" refParamName="" useRefParam="false" />
        <String name="customTagName" value="" refParamName="" useRefParam="false" />
      </Event>
    </Track>
    <Track trackName="TriggerParticle0" eventType="TriggerParticle" guid="37c5ea5d-c5e5-4e45-b73b-6393a0643941" enabled="true" useRefParam="false" refParamName="" r="0.000" g="0.000" b="0.000" execOnForceStopped="false" execOnActionCompleted="false" stopAfterLastEvent="true">
      <Event eventName="TriggerParticle" time="0.000" length="3.000" isDuration="true" guid="708be422-633e-4c3e-b1e0-7e5b73e11596">
        <TemplateObject name="targetId" id="0" objectName="self" isTemp="false" refParamName="" useRefParam="false" />
        <String name="resourceName" value="prefab_skill_effects/hero_skill_effects/150_hanxin/Hanxin_BUFF_L" refParamName="" useRefParam="false" />
        <String name="bindPointName" value="Bip001 Prop2" refParamName="" useRefParam="false" />
        <Vector3i name="scalingInt" x="10000" y="10000" z="10000" refParamName="" useRefParam="false" />
        <bool name="bAllowEmptyEffect" value="true" refParamName="" useRefParam="false" />
        <String name="syncAnimationName" value="" refParamName="" useRefParam="false" />
        <String name="customTagName" value="" refParamName="" useRefParam="false" />
      </Event>
    </Track>
    <Track trackName="SetActorNodeActiveDuration1" eventType="SetActorNodeActiveDuration" guid="721c516e-68c1-4edb-b417-30033abf564b" enabled="true" useRefParam="false" refParamName="" r="0.000" g="0.000" b="0.000" execOnForceStopped="false" execOnActionCompleted="false" stopAfterLastEvent="true">
      <Event eventName="SetActorNodeActiveDuration" time="0.000" length="3.000" isDuration="true" guid="f30184ee-de51-42c3-82de-14f85d0e6b65">
        <TemplateObject name="targetId" id="0" objectName="self" isTemp="false" refParamName="" useRefParam="false" />
        <String name="node" value="Bip001/Bip001 Pelvis/Bip001 Spine/Bip001 Spine1/Bip001 Spine2/Bip001 Neck/Bip001 L Clavicle/Bip001 L UpperArm/Bip001 L Forearm/Bip001 L Hand/Bone_Weapon_L01/EF_weap_fire_L_2" refParamName="" useRefParam="false" />
      </Event>
    </Track>
    <Track trackName="SetActorNodeActiveDuration1" eventType="SetActorNodeActiveDuration" guid="5ce589ff-ff5a-4718-b9e4-12bede1cef85" enabled="true" useRefParam="false" refParamName="" r="0.000" g="0.000" b="0.000" execOnForceStopped="false" execOnActionCompleted="false" stopAfterLastEvent="true">
      <Event eventName="SetActorNodeActiveDuration" time="0.000" length="3.000" isDuration="true" guid="cf92e100-242b-4bfd-8474-75c24b9d4941">
        <TemplateObject name="targetId" id="0" objectName="self" isTemp="false" refParamName="" useRefParam="false" />
        <String name="node" value="Bip001/Bip001 Pelvis/Bip001 Spine/Bip001 Spine1/Bip001 Spine2/Bip001 Neck/Bip001 R Clavicle/Bip001 R UpperArm/Bip001 R Forearm/Bip001 R Hand/Bone_Weapon_R01/EF_weap_fire_R_2" refParamName="" useRefParam="false" />
      </Event>
    </Track>
    <Track trackName="SetActorNodeActiveDuration1" eventType="SetActorNodeActiveDuration" guid="b411c9ac-d7b7-43ce-bc8b-60d2c780de49" enabled="true" useRefParam="false" refParamName="" r="0.000" g="0.000" b="0.000" execOnForceStopped="false" execOnActionCompleted="false" stopAfterLastEvent="true">
      <Event eventName="SetActorNodeActiveDuration" time="0.000" length="3.000" isDuration="true" guid="d0e2547d-21bb-404d-af3f-23afd7221ff8">
        <TemplateObject name="targetId" id="0" objectName="self" isTemp="false" refParamName="" useRefParam="false" />
        <String name="node" value="Bip001/Bip001 Pelvis/Bip001 Spine/Bip001 Spine1/Bip001 Spine2/Bip001 Neck/Bip001 L Clavicle/Bip001 L UpperArm/Bip001 L Forearm/Bip001 L Hand/Bone_Weapon_L01/EF_weap_fire_L_1" refParamName="" useRefParam="false" />
        <bool name="enabled" value="false" refParamName="" useRefParam="false" />
      </Event>
    </Track>
    <Track trackName="SetActorNodeActiveDuration1" eventType="SetActorNodeActiveDuration" guid="c8b18cca-f7c9-4a8b-b475-08557ecc2bd1" enabled="true" useRefParam="false" refParamName="" r="0.000" g="0.000" b="0.000" execOnForceStopped="false" execOnActionCompleted="false" stopAfterLastEvent="true">
      <Event eventName="SetActorNodeActiveDuration" time="0.000" length="3.000" isDuration="true" guid="ffd650b4-d16c-4a3e-b338-793a4c36f08e">
        <TemplateObject name="targetId" id="0" objectName="self" isTemp="false" refParamName="" useRefParam="false" />
        <String name="node" value="Bip001/Bip001 Pelvis/Bip001 Spine/Bip001 Spine1/Bip001 Spine2/Bip001 Neck/Bip001 R Clavicle/Bip001 R UpperArm/Bip001 R Forearm/Bip001 R Hand/Bone_Weapon_R01/EF_weap_fire_R_1" refParamName="" useRefParam="false" />
        <bool name="enabled" value="false" refParamName="" useRefParam="false" />
      </Event>
    </Track>
    <Track trackName="BuffHudTriggerDuration0" eventType="BuffHudTriggerDuration" guid="71f1602f-fd21-483c-948b-d660b070dfcc" enabled="true" useRefParam="false" refParamName="" r="0.000" g="0.000" b="0.000" execOnForceStopped="false" execOnActionCompleted="false" stopAfterLastEvent="true">
      <Event eventName="BuffHudTriggerDuration" time="0.000" length="3.000" isDuration="true" guid="7d988370-6980-4061-92e6-8b46f26cbe19">
        <TemplateObject name="targetId" id="0" objectName="self" isTemp="false" refParamName="" useRefParam="false" />
        <int name="SelfSkillCombineID" value="150900" refParamName="" useRefParam="false" />
        <Enum name="iconType" value="1" refParamName="" useRefParam="false" />
        <bool name="bVvisibility" value="true" refParamName="" useRefParam="false" />
        <Enum name="visibility" value="3" refParamName="" useRefParam="false" />
        <bool name="bOnwerVisible" value="true" refParamName="" useRefParam="false" />
        <int name="priority2" value="2400" refParamName="" useRefParam="false" />
        <bool name="bDelay" value="false" refParamName="" useRefParam="false" />
      </Event>
    </Track>
  </Action>
</Project>