﻿<?xml version="1.0" encoding="utf-8"?>
<Project>
  <TemplateObjectList>
    <TemplateObject id="0" objectName="self" isTemp="false" />
    <TemplateObject id="1" objectName="target" isTemp="false" />
    <TemplateObject id="2" objectName="bullet" isTemp="true" />
  </TemplateObjectList>
  <RefParamList>
    <Vector3i name="targetdir" x="0" y="0" z="0" refParamName="" useRefParam="false" />
    <Vector3i name="_TargetPos" x="0" y="0" z="0" refParamName="" useRefParam="false" />
  </RefParamList>
  <Action tag="" length="0.400" loop="false">
    <Track trackName="CameraShakeDuration0" eventType="CameraShakeDuration" guid="0e82d858-9b52-4a14-8b65-061e68871cd3" enabled="true" useRefParam="false" refParamName="" r="0.000" g="0.000" b="0.000" execOnForceStopped="false" execOnActionCompleted="false" stopAfterLastEvent="true">
      <Event eventName="CameraShakeDuration" time="0.000" length="0.400" isDuration="true" guid="30cee23e-7387-42b4-842a-30b667109c39">
        <bool name="useMainCamera" value="true" refParamName="" useRefParam="false" />
        <bool name="filter_self" value="true" refParamName="" useRefParam="false" />
        <bool name="canBeCover" value="false" refParamName="" useRefParam="false" />
        <Vector3 name="shakeRange" x="0.150" y="0.400" z="0.150" refParamName="" useRefParam="false" />
        <bool name="bUseCustomCurveMode" value="true" refParamName="" useRefParam="false" />
        <String name="curvesPath" value="Prefab_Skill_Assets/CameraShakeCurves/nor03" refParamName="" useRefParam="false" />
      </Event>
    </Track>
  </Action>
</Project>