﻿<?xml version="1.0" encoding="utf-8"?>
<Project>
  <TemplateObjectList>
    <TemplateObject id="0" objectName="self" isTemp="false" />
    <TemplateObject id="1" objectName="target" isTemp="false" />
  </TemplateObjectList>
  <RefParamList>
    <Vector3i name="_TargetDir" x="0" y="0" z="0" refParamName="" useRefParam="false" />
    <Vector3i name="_TargetPos" x="0" y="0" z="0" refParamName="" useRefParam="false" />
  </RefParamList>
  <Action tag="" length="1.200" loop="false">
    <Track trackName="SkillFuncDuration0" eventType="SkillFuncDuration" guid="98b3a4df-e4f1-4c82-b0ed-c1563350c46f" enabled="true" useRefParam="false" refParamName="" r="0.000" g="0.000" b="0.000" execOnForceStopped="false" execOnActionCompleted="false" stopAfterLastEvent="true">
      <Event eventName="SkillFuncDuration" time="0.000" length="1.200" isDuration="true" guid="22feed6d-f66c-4b04-8573-6370100ebefb">
        <Enum name="SkillFuncType" value="31" refParamName="" useRefParam="false" />
      </Event>
    </Track>
    <Track trackName="SkillFuncDuration0" eventType="SkillFuncDuration" guid="18f50c78-e3bf-4119-a302-de1264d969d1" enabled="true" useRefParam="false" refParamName="" r="0.000" g="0.000" b="0.000" execOnForceStopped="false" execOnActionCompleted="false" stopAfterLastEvent="true">
      <Event eventName="SkillFuncDuration" time="0.000" length="1.200" isDuration="true" guid="0438fe67-d478-4fdd-bc40-4dd5f9e74fe8">
        <Enum name="SkillFuncType" value="37" refParamName="" useRefParam="false" />
      </Event>
    </Track>
    <Track trackName="PlayMaterialEffectDuration0" eventType="PlayMaterialEffectDuration" guid="996faad0-df3d-422a-801f-b3d1f1a23b69" enabled="true" useRefParam="false" refParamName="" r="0.000" g="0.000" b="0.000" execOnForceStopped="false" execOnActionCompleted="false" stopAfterLastEvent="true">
      <Event eventName="PlayMaterialEffectDuration" time="0.000" length="1.200" isDuration="true" guid="6768cd6d-cd58-4cf5-ba1c-8a7a0a956079">
        <TemplateObject name="targetId" id="0" objectName="self" isTemp="false" refParamName="" useRefParam="false" />
        <Enum name="effectType" value="3" refParamName="" useRefParam="false" />
        <String name="texPath" value="" refParamName="" useRefParam="false" />
        <Vector3 name="highLitColor" x="0.800" y="0.800" z="0.000" refParamName="" useRefParam="false" />
        <float name="higthLitPeriod" value="1.000" refParamName="" useRefParam="false" />
        <String name="materialNamePattern" value="" refParamName="" useRefParam="false" />
      </Event>
    </Track>
    <Track trackName="BuffHudTriggerDuration0" eventType="BuffHudTriggerDuration" guid="8d59f8dd-567e-4d2d-8aaa-a76a3f3c1118" enabled="true" useRefParam="false" refParamName="" r="0.000" g="0.000" b="0.000" execOnForceStopped="false" execOnActionCompleted="false" stopAfterLastEvent="true">
      <Event eventName="BuffHudTriggerDuration" time="0.000" length="1.200" isDuration="true" guid="6d9abba6-b756-4757-9e82-d8a91ed17e18">
        <TemplateObject name="targetId" id="0" objectName="self" isTemp="false" refParamName="" useRefParam="false" />
        <int name="SelfSkillCombineID" value="150350" refParamName="" useRefParam="false" />
        <Enum name="iconType" value="14" refParamName="" useRefParam="false" />
        <bool name="bVvisibility" value="true" refParamName="" useRefParam="false" />
        <bool name="bOriginVisble" value="true" refParamName="" useRefParam="false" />
        <bool name="bOriginCampVisible" value="true" refParamName="" useRefParam="false" />
        <bool name="bOriginEnemyVisible" value="true" refParamName="" useRefParam="false" />
        <bool name="bShowWhenWatching" value="true" refParamName="" useRefParam="false" />
        <Enum name="priority1" value="2" refParamName="" useRefParam="false" />
        <int name="priority2" value="2500" refParamName="" useRefParam="false" />
        <bool name="bDelay" value="false" refParamName="" useRefParam="false" />
      </Event>
    </Track>
  </Action>
</Project>